{
    "global_residual_std": 145.34727950421907,
    "BLR-BOM": 17.696008029297577,
    "BLR-DEL": 11.477418092420917,
    "BLR-DXB": 139.72342454377971,
    "BLR-HYD": 13.050128748631613,
    "BLR-LHR": 353.86490706815,
    "BLR-MAA": 15.545491632382443,
    "BLR-PNQ": 21.919978412772984,
    "BOM-BKK": 136.9734999502984,
    "BOM-BLR": 14.562923720304433,
    "BOM-BOM": 15.561865519773416,
    "BOM-CCU": 26.78293384765992,
    "BOM-CDG": 110.71233977804182,
    "BOM-DEL": 9.522210135820337,
    "BOM-DXB": 51.23572167127392,
    "BOM-GOI": 14.785248601042557,
    "BOM-HYD": 16.04226854447312,
    "BOM-JFK": 161.41311387048967,
    "BOM-LHR": 71.33656697133434,
    "BOM-SIN": 265.79726932705927,
    "BOM-SYD": 442.7507718122399,
    "BOM-YYZ": 369.0972433271519,
    "CCU-BOM": 33.5430901274852,
    "CCU-DEL": 33.54638226266583,
    "CDG-SIN": 116.09300456626285,
    "DEL-ATQ": 15.71550494048248,
    "DEL-BKK": 149.3974629871175,
    "DEL-BLR": 9.056338628056443,
    "DEL-BOM": 10.143690749170823,
    "DEL-CCU": 23.84019202659219,
    "DEL-CDG": 96.34764373494878,
    "DEL-DEL": 19.60640390847502,
    "DEL-DXB": 56.63500180358472,
    "DEL-GOI": 34.33165119777435,
    "DEL-HYD": 13.750236472774084,
    "DEL-JFK": 133.12391802932066,
    "DEL-LHR": 72.39146780121646,
    "DEL-MAA": 27.813591094503263,
    "DEL-PNQ": 13.444603504214411,
    "DEL-SIN": 103.91545022832462,
    "DEL-SXR": 21.451120582195884,
    "DEL-SYD": 333.5221818746203,
    "DEL-YYZ": 150.42203588267427,
    "GOI-BOM": 14.720579987503061,
    "GOI-DEL": 18.662675539001167,
    "HYD-BLR": 15.886965927511104,
    "HYD-BOM": 21.09337033287991,
    "HYD-DEL": 15.526857281426476,
    "HYD-DXB": 142.828627781145,
    "HYD-HYD": 8.024621494384043,
    "LHR-SIN": 78.68483284631252,
    "MAA-BLR": 16.61075987724403,
    "MAA-DEL": 22.59197969738999,
    "MAA-DXB": 290.76031880697934,
    "PNQ-BLR": 24.889709777575636,
    "PNQ-DEL": 20.148657339376456,
    "SIN-CDG": 114.14795621183463,
    "SIN-LHR": 74.60784138417237
}